Workbook

Sheet Export Summary
B3: This document was exported from Numbers. Each table was converted to an Excel worksheet. All other objects on each Numbers sheet were placed on separate worksheets. Please be aware that formula calculations may differ in Excel.
B7: Numbers Sheet Name | C7: Numbers Table Name | D7: Excel Worksheet Name
B9: Overview
C10: Table 1 | D10: Overview
B11: Execution Log
C12: Table 1 | D12: Execution Log
B13: Dashboard
C14: Table 1 | D14: Dashboard
B15: Environment
C16: Table 1 | D16: Environment
B17: Defect Candidates
C18: Table 1 | D18: Defect Candidates

Sheet Overview
A1: SAUCEDEMO - TEST EXECUTION
A3: Document ID | B3: QA-TE-001
A4: Version | B4: 1.0
A5: Prepared By | B5: Nancy McKenzie
A6: Application | B6: SauceDemo
A7: Project | B7: Manual QA Testing Portfolio
A8: Related Test Plan | B8: QA-TP-001
A9: Related Requirements | B9: QA-BRD-001
A10: Related Scenarios | B10: QA-TS-001
A11: Related Test Cases | B11: QA-TC-001
A13: Purpose
A14: This workbook is the execution control for the 42 detailed SauceDemo test cases. It is designed to capture actual results, Pass/Fail/Blocked status, execution date, tester, evidence references, and defect linkage. The workbook intentionally starts with all cases marked Not Run so that the final portfolio reflects real execution evidence rather than invented results.
A19: Execution Standard | B19: How It Is Applied | C19: Why It Matters | D19: Portfolio Value
A20: Actual Evidence | B20: Results are entered only after a real execution attempt. | C20: Protects credibility. | D20: Demonstrates honest QA practice.
A21: Defect Linkage | B21: Failed cases reference a defect candidate or defect ID. | C21: Connects testing to defect management. | D21: Shows full QA lifecycle.
A22: Repeatability | B22: Expected result and source test-case IDs remain visible. | C22: Makes retesting easier. | D22: Supports professional regression work.
A23: Status Control | B23: Only Not Run, Pass, Fail, Blocked, or N/A are allowed. | C23: Keeps metrics clean. | D23: Enables reliable reporting.
A24: Dashboard Metrics | B24: Counts and rates update from the Execution Log. | C24: Makes progress visible. | D24: Creates recruiter-friendly summary.

Sheet Execution Log
A1: Execution ID | B1: Test Case ID | C1: Scenario ID | D1: Requirement ID(s) | E1: Module | F1: Test Case Title | G1: Priority | H1: Expected Result | I1: Actual Result | J1: Status | K1: Defect ID | L1: Evidence / Screenshot | M1: Executed By | N1: Execution Date | O1: Retest Status | P1: Retest Date | Q1: Notes
A2: EXE-001 | B2: TC-001 | C2: TS-001 | D2: REQ-001 | E2: Authentication | F2: Login with valid standard user | G2: Critical | H2: Login succeeds and Inventory page is displayed. | I2: Login successfully. Inventory pages displays available products. | J2: Pass | M2: Nancy Mckenzie | N2: 46250 | O2: Not Required
A3: EXE-002 | B3: TC-002 | C3: TS-002 | D3: REQ-002 | E3: Authentication | F3: Reject invalid username | G3: Critical | H3: Login is rejected and a clear error message is displayed. | I3: Login was rejected. Error message was displayed. | J3: Pass | M3: Nancy Mckenzie | N3: 46250 | O3: Not Required
A4: EXE-003 | B4: TC-003 | C4: TS-003 | D4: REQ-002 | E4: Authentication | F4: Reject invalid password | G4: Critical | H4: Login is rejected and an authentication error is displayed. | I4: Login was rejected . An authentication error was displayed. | J4: Pass | M4: Nancy Mckenzie | N4: 46250 | O4: Not Required
A5: EXE-004 | B5: TC-004 | C5: TS-003 | D5: REQ-002 | E5: Authentication | F5: Validate blank username | G5: Critical | H5: Login does not proceed and required username validation is displayed. | I5: Login does not proceed . Required username validation message is displayed. | J5: Pass | M5: Nancy Mckenzie | N5: 46250 | O5: Not Required
A6: EXE-005 | B6: TC-005 | C6: TS-003 | D6: REQ-002 | E6: Authentication | F6: Validate blank password | G6: Critical | H6: Login does not proceed and required password validation is displayed. | I6: Login does not proceed. Required password validation was displayed. | J6: Pass | M6: Nancy Mckenzie | N6: 46250 | O6: Not Required
A7: EXE-006 | B7: TC-006 | C7: TS-004 | D7: REQ-003 | E7: Authentication | F7: Reject locked-out user | G7: Critical | H7: User remains unauthenticated and locked-out error message is shown. | I7: User remains unauthenticated. Locked-out error message is shown. | J7: Pass | M7: Nancy Mckenzie | N7: 46250 | O7: Not Required
A8: EXE-007 | B8: TC-007 | C8: TS-005 | D8: REQ-004, REQ-005 | E8: Inventory | F8: Display inventory after valid login | G8: Critical | H8: Inventory page loads and available product cards are visible. | I8: Inventory page loads. Available product cards are visible. | J8: Pass | M8: Nancy Mckenzie | N8: 46250 | O8: Not Required
A9: EXE-008 | B9: TC-008 | C9: TS-005 | D9: REQ-005 | E9: Inventory | F9: Validate product information on inventory | G9: High | H9: Each product displays readable identifying information and price. | I9: Each product displays readable identifying information and price. | J9: Pass | M9: Nancy Mckenzie | N9: 46250 | O9: Not Required
A10: EXE-009 | B10: TC-009 | C10: TS-006 | D10: REQ-006 | E10: Inventory | F10: Sort products name A to Z | G10: High | H10: Products appear in ascending alphabetical order. | I10: Products appear in ascending alphabetical order. | J10: Pass | O10: Not Required
A11: EXE-010 | B11: TC-010 | C11: TS-006 | D11: REQ-006 | E11: Inventory | F11: Sort products name Z to A | G11: High | H11: Products appear in descending alphabetical order. | I11: Products appear in descending alphabetical order. | J11: Pass | O11: Not Required
A12: EXE-011 | B12: TC-011 | C12: TS-006 | D12: REQ-006 | E12: Inventory | F12: Sort products price low to high | G12: High | H12: Products are ordered from lowest to highest price. | I12: Products are ordered from lowest to highest price. | J12: Pass | O12: Not Required
A13: EXE-012 | B13: TC-012 | C13: TS-006 | D13: REQ-006 | E13: Inventory | F13: Sort products price high to low | G13: High | H13: Products are ordered from highest to lowest price. | I13: Products are ordered from highest to lowest price. | J13: Pass | O13: Not Required
A14: EXE-013 | B14: TC-013 | C14: TS-007 | D14: REQ-007 | E14: Product Details | F14: Open product details from product name | G14: Medium | H14: Correct product detail page opens with matching product information. | I14: Correct product detail page opens with matching product information. | J14: Pass | O14: Not Required
A15: EXE-014 | B15: TC-014 | C15: TS-007 | D15: REQ-007 | E15: Product Details | F15: Return from product details to inventory | G15: Medium | H15: Inventory page is displayed again. | I15: Inventory page is displayed again. | J15: Pass | O15: Not Required
A16: EXE-015 | B16: TC-015 | C16: TS-008 | D16: REQ-008 | E16: Cart | F16: Add one product from inventory | G16: Critical | H16: Product is selected and cart badge shows 1. | I16: Product is selected and cart badge shows 1. | J16: Pass | O16: Not Required
A17: EXE-016 | B17: TC-016 | C17: TS-008 | D17: REQ-008 | E17: Cart | F17: Add product from detail page | G17: High | H17: Product is added and cart badge shows 1. | I17: Product is added and cart badge shows 1. | J17: Pass | O17: Not Required
A18: EXE-017 | B18: TC-017 | C18: TS-009 | D18: REQ-008, REQ-010 | E18: Cart | F18: Add multiple products | G18: Critical | H18: Both selected products are present in the cart. | I18: Both selected products are present in the cart. | J18: Pass | O18: Not Required
A19: EXE-018 | B19: TC-018 | C19: TS-011 | D19: REQ-010, BRULE-03 | E19: Cart | F19: Validate cart badge after multiple additions | G19: High | H19: Badge count accurately tracks the number of selected items. | I19: Badge count accurately tracks the number of selected items. | J19: Pass | O19: Not Required
A20: EXE-019 | B20: TC-019 | C20: TS-010 | D20: REQ-009 | E20: Cart | F20: Remove product from inventory selection | G20: Critical | H20: Product is deselected and cart badge updates accordingly. | I20: Product is deselected and cart badge updates accordingly. | J20: Pass | O20: Not Required
A21: EXE-020 | B21: TC-020 | C21: TS-010 | D21: REQ-009 | E21: Cart | F21: Remove product from cart page | G21: Critical | H21: Product is removed from cart and badge count updates. | I21: Product is removed from cart and badge count updates. | J21: Pass | O21: Not Required
... A43: EXE-042 | B43: TC-042 | C43: TS-024 | D43: REQ-001, REQ-004, REQ-008, REQ-012, REQ-013, REQ-014, REQ-015, REQ-016, NFR-002, NFR-006 | E43: End-to-End | F43: Execute complete standard purchase journey | G43: Critical | H43: User completes the full purchase path with consistent cart state, valid checkout data, accurate overview, and successful confirmation. | I43: User completes the full purchase path with consistent cart state, valid checkout data, accurate overview, and successful confirmation. | J43: Pass | O43: Not Required

Sheet Dashboard
A1: TEST EXECUTION DASHBOARD
A3: Metric | B3: Value | D3: Module | E3: Total | F3: Pass | G3: Fail
A4: Total Test Cases | B4: 42 | D4: Authentication | E4: =COUNTIF('Execution Log'!E2:E43,D4) -> 6 | F4: =_xlfn.COUNTIFS('Execution Log'!E2:E43,D4,'Execution Log'!J2:J43,"Pass") -> 6 | G4: =_xlfn.COUNTIFS('Execution Log'!E2:E43,D4,'Execution Log'!J2:J43,"Fail") -> 0
A5: Executed | B5: =COUNTIF('Execution Log'!J2:J43,"<>Not Run")-COUNTIF('Execution Log'!J2:J43,"N/A") -> 42 | D5: Inventory | E5: =COUNTIF('Execution Log'!E2:E43,D5) -> 6 | F5: =_xlfn.COUNTIFS('Execution Log'!E2:E43,D5,'Execution Log'!J2:J43,"Pass") -> 6 | G5: =_xlfn.COUNTIFS('Execution Log'!E2:E43,D5,'Execution Log'!J2:J43,"Fail") -> 0
A6: Pass | B6: =COUNTIF('Execution Log'!J2:J43,"Pass") -> 41 | D6: Product Details | E6: =COUNTIF('Execution Log'!E2:E43,D6) -> 2 | F6: =_xlfn.COUNTIFS('Execution Log'!E2:E43,D6,'Execution Log'!J2:J43,"Pass") -> 2 | G6: =_xlfn.COUNTIFS('Execution Log'!E2:E43,D6,'Execution Log'!J2:J43,"Fail") -> 0
A7: Fail | B7: =COUNTIF('Execution Log'!J2:J43,"Fail") -> 1 | D7: Cart | E7: =COUNTIF('Execution Log'!E2:E43,D7) -> 9 | F7: =_xlfn.COUNTIFS('Execution Log'!E2:E43,D7,'Execution Log'!J2:J43,"Pass") -> 9 | G7: =_xlfn.COUNTIFS('Execution Log'!E2:E43,D7,'Execution Log'!J2:J43,"Fail") -> 0
A8: Blocked | B8: =COUNTIF('Execution Log'!J2:J43,"Blocked") -> 0 | D8: Checkout | E8: =COUNTIF('Execution Log'!E2:E43,D8) -> 8 | F8: =_xlfn.COUNTIFS('Execution Log'!E2:E43,D8,'Execution Log'!J2:J43,"Pass") -> 8 | G8: =_xlfn.COUNTIFS('Execution Log'!E2:E43,D8,'Execution Log'!J2:J43,"Fail") -> 0
A9: Not Run | B9: =COUNTIF('Execution Log'!J2:J43,"Not Run") -> 0 | D9: Order Completion | E9: =COUNTIF('Execution Log'!E2:E43,D9) -> 3 | F9: =_xlfn.COUNTIFS('Execution Log'!E2:E43,D9,'Execution Log'!J2:J43,"Pass") -> 3 | G9: =_xlfn.COUNTIFS('Execution Log'!E2:E43,D9,'Execution Log'!J2:J43,"Fail") -> 0
A10: Execution % | B10: =IF(B4=0,0,B5/B4) -> 1 | D10: Navigation | E10: =COUNTIF('Execution Log'!E2:E43,D10) -> 3 | F10: =_xlfn.COUNTIFS('Execution Log'!E2:E43,D10,'Execution Log'!J2:J43,"Pass") -> 3 | G10: =_xlfn.COUNTIFS('Execution Log'!E2:E43,D10,'Execution Log'!J2:J43,"Fail") -> 0
A11: Pass Rate % | B11: =IF(B5=0,0,B6/B5) -> 0.97619048 | D11: Session | E11: =COUNTIF('Execution Log'!E2:E43,D11) -> 2 | F11: =_xlfn.COUNTIFS('Execution Log'!E2:E43,D11,'Execution Log'!J2:J43,"Pass") -> 2 | G11: =_xlfn.COUNTIFS('Execution Log'!E2:E43,D11,'Execution Log'!J2:J43,"Fail") -> 0
D12: Usability & UI | E12: =COUNTIF('Execution Log'!E2:E43,D12) -> 2 | F12: =_xlfn.COUNTIFS('Execution Log'!E2:E43,D12,'Execution Log'!J2:J43,"Pass") -> 1 | G12: =_xlfn.COUNTIFS('Execution Log'!E2:E43,D12,'Execution Log'!J2:J43,"Fail") -> 1
D13: End-to-End | E13: =COUNTIF('Execution Log'!E2:E43,D13) -> 1 | F13: =_xlfn.COUNTIFS('Execution Log'!E2:E43,D13,'Execution Log'!J2:J43,"Pass") -> 1 | G13: =_xlfn.COUNTIFS('Execution Log'!E2:E43,D13,'Execution Log'!J2:J43,"Fail") -> 0
A14: Execution Guidance
A15: Use the Execution Log during actual SauceDemo testing. For each test case, enter the observed Actual Result, select a Status, record the tester and execution date, and add a screenshot/evidence reference when helpful. If a case fails, create a Defect Candidate and link its ID back to the execution row. The dashboard will then calculate execution progress and outcome metrics automatically.

Sheet Environment
A1: TEST EXECUTION ENVIRONMENT
A3: Application URL | B3: https://www.saucedemo.com/
A4: Application | B4: SauceDemo
A5: Testing Method | B5: Manual Functional Testing
A6: Primary Browser | B6: Google Chrome
A7: Operating System | B7: macOS / Windows 11
A8: Test Account | B8: standard_user
A9: Locked Account | B9: locked_out_user
A10: Password | B10: secret_sauce
A11: Execution Evidence | B11: Screenshots / notes / defect references

Sheet Defect Candidates
A1: Candidate ID | B1: Test Case ID | C1: Module | D1: Summary | E1: Observed Result | F1: Expected Result | G1: Severity | H1: Priority | I1: Status | J1: Evidence | K1: Created By | L1: Created Date | M1: Notes
A2: DC-001 | I2: New
A3: DC-002 | I3: New
A4: DC-003 | I4: New
A5: DC-004 | I5: New
A6: DC-005 | I6: New
A7: DC-006 | I7: New
A8: DC-007 | I8: New
A9: DC-008 | I9: New
A10: DC-009 | I10: New
A11: DC-010 | I11: New
A12: DC-011 | I12: New
A13: DC-012 | I13: New
... A16: DC-015 | I16: New
